format,topology,N,density,timesteps,trials,mean_time_ms,std_time_ms,median_time_ms,peak_rss_kb,total_spikes,spikes_per_step,memory_bytes,nnz,effective_bw_gbps,scatter_throughput_edges_per_ms,bytes_per_spike,gather_mean_time_ms,gather_std_time_ms,gather_median_time_ms,gather_throughput_edges_per_ms,cache_ratio_L1,cache_ratio_L2,cache_ratio_L3,poisson_rate,outliers_removed,gather_only_mean_time_ms,gather_only_std_time_ms,gather_only_median_time_ms,gather_only_throughput_edges_per_ms,background_current,inject_spike_rate
coo,nest,10000,0.1,1000,10,8586.67,9.83494,8588.04,316340,488499,488.499,160000000,10000000,0.0186335,56890.4,327.534,8585.46,7.58207,8587.52,56898.4,2441.41,305.176,19.0735,15,0,0,0,0,0,0,0
csr,nest,10000,0.1,1000,10,1021.48,5.01568,1022.07,355008,488499,488.499,120040004,10000000,0.117516,478228,245.732,1020.98,3.41423,1022.07,478463,1831.67,228.958,14.3099,15,1,0,0,0,0,0,0
csc,nest,10000,0.1,1000,10,14071.5,29.9174,14077.4,354988,488499,488.499,120040004,10000000,0.00853071,34715.5,245.732,14064.4,9.14773,14069.9,34733,1831.67,228.958,14.3099,15,1,0,0,0,0,0,0
ell,nest,10000,0.1,1000,10,1050.63,2.45184,1051.25,290404,488499,488.499,133440000,10000000,0.12701,464960,273.163,1050.47,3.46431,1050.44,465031,2036.13,254.517,15.9073,15,0,0,0,0,0,0,0
